{"Id":"ff-office","Name":"","Offset":{"e00":1.0,"e01":0.0,"e02":0.0,"e03":0.0,"e10":0.0,"e11":1.0,"e12":0.0,"e13":0.0,"e20":0.0,"e21":0.0,"e22":1.0,"e23":0.0,"e30":0.0,"e31":0.0,"e32":0.0,"e33":1.0},"PointsInWorldMap":[{"x":6.136611461639404,"y":5.787416458129883,"z":1.7007311582565308},{"x":1.9465264081954957,"y":5.787426948547363,"z":3.740679979324341},{"x":5.193752288818359,"y":5.7874250411987309,"z":7.995217323303223}]}